{
  "signatures": {
    "Math": [
      0.9415384615384615,
      0.9909326424870466,
      0.9266409266409267,
      0.916030534351145
    ],
    "Code": [
      0.9500372856077554,
      0.9564564564564565,
      0.5402843601895735,
      0.9827586206896551
    ],
    "Medical": [
      0.0,
      0.0,
      0.9966555183946488,
      0.9933333333333333
    ]
  },
  "distances": [
    0.3936811798400518,
    1.3708829061198096,
    1.4232941564311754
  ],
  "avg_distance": 1.0626194141303456
}